"gender","name.title","name.first","name.last","dob.date","dob.age"
"male",Mr,Daniel,Andersen,1955-08-23T23:16:13.093Z,67
"female",Miss,Lea,Miller,1964-03-27T03:58:05.759Z,58
"male",Mr,Alexander,Slawa,1988-12-16T08:44:03.611Z,33
"female",Miss,Hannah,French,1944-09-28T19:42:49.318Z,78
"male",Mr,Dylan,Chow,1994-11-05T17:48:13.805Z,28
"male",Mr,Oliver,Patel,1983-10-06T06:06:29.118Z,39
"male",Mr,Felix,Ambrose,1949-02-10T20:57:56.924Z,73
"male",Mr,Lucas,Chu,1962-12-24T03:55:37.720Z,59
"female",Mrs,Justine,Chan,2000-10-30T21:28:27.847Z,22
"female",Ms,Abigail,Lam,1992-12-21T14:58:18.540Z,29
"male",Mr,Emile,Tremblay,1978-09-07T00:06:07.385Z,44
"female",Ms,Sophia,Liu,1968-01-25T14:38:56.095Z,54
"male",Mr,Carter,Barnaby,1993-10-24T20:56:03.180Z,29
"male",Mr,Charles,Lam,1969-07-30T12:36:21.256Z,53
"male",Mr,Philippe,Patel,1994-01-15T14:53:41.565Z,28
"female",Mrs,Melodie,Tremblay,1987-11-07T21:03:24.212Z,35
"male",Mr,Adam,Slawa,1957-08-17T05:57:35.124Z,65
"female",Mrs,Rose,Chu,1976-01-29T02:47:57.213Z,46
"female",Ms,Amelia,Knight,1960-03-31T02:19:57.874Z,62
"male",Mr,Noah,Lavoie,1954-05-10T20:43:05.392Z,68
"female",Miss,Ava,Roy,1995-08-06T13:50:25.907Z,27
"male",Mr,Charles,Miller,1968-10-02T23:07:06.397Z,54
"female",Ms,Sophia,Campbell,1975-09-08T14:01:15.906Z,47
"female",Ms,Charlie,White,1946-10-25T22:40:09.280Z,76
"female",Ms,Brielle,Tremblay,1976-08-24T15:34:57.189Z,46
"male",Mr,Etienne,Slawa,1968-05-11T23:56:43.031Z,54
"male",Mr,Zachary,Walker,1968-11-05T09:39:12.461Z,54
"male",Mr,Zachary,Harcourt,1962-04-23T03:24:03.660Z,60
"female",Miss,Sofia,Scott,1978-09-12T16:29:45.754Z,44
"female",Ms,Megan,Liu,1965-03-11T19:33:04.170Z,57
"female",Miss,Elizabeth,Wong,1989-03-14T04:35:59.893Z,33
"female",Ms,Isabella,Kowalski,1985-09-18T08:47:07.739Z,37
"male",Mr,Thomas,Barnaby,1990-07-25T09:43:48.540Z,32
"female",Ms,Jade,Gauthier,1977-06-11T12:43:22.907Z,45
"female",Mrs,Marianne,Harcourt,1996-11-25T12:47:19.941Z,25
"female",Ms,Aubrey,Sirko,1959-12-12T01:43:31.875Z,62
"male",Mr,Philippe,Claire,1957-02-03T07:43:36.804Z,65
"male",Mr,Theo,Singh,1954-07-17T12:44:24.530Z,68
"female",Ms,Charlotte,Grewal,1959-10-12T12:53:08.114Z,63
"female",Ms,Olivia,White,1956-08-04T18:20:31.987Z,66
"male",Mr,Jayden,Mackay,1974-05-08T19:07:03.470Z,48
"male",Mr,Philippe,Liu,1977-03-13T01:08:18.400Z,45
"male",Mr,Elliot,Bouchard,1948-11-09T21:32:43.126Z,74
"male",Mr,Oliver,Grewal,1984-11-08T16:31:46.350Z,38
"male",Mr,Jacob,Margaret,1953-04-05T00:10:31.936Z,69
"female",Miss,Julia,Campbell,1966-05-10T05:27:36.918Z,56
"female",Mrs,Camille,Johnson,1947-09-30T08:35:18.741Z,75
"male",Mr,Benjamin,Bouchard,1959-01-22T07:03:31.880Z,63
"female",Mrs,Mia,Chow,1982-08-10T17:28:29.473Z,40
"male",Mr,Antoine,Côté,1977-10-06T09:59:33.135Z,45
"female",Ms,Alicia,Martin,1959-09-23T03:17:12.905Z,63
"male",Mr,Xavier,Ma,1979-01-01T14:22:37.932Z,43
"female",Mrs,Noémie,Ennis,1962-05-19T21:03:58.738Z,60
"male",Mr,Elliot,Tremblay,1988-08-27T15:20:22.625Z,34
"female",Mrs,Sophie,Bergeron,1979-03-12T22:02:58.002Z,43
"male",Mr,Charles,Fortin,1960-06-21T04:09:47.028Z,62
"male",Mr,Adam,Ma,1958-04-22T19:30:46.609Z,64
"female",Miss,Marianne,Lo,1954-07-10T00:39:07.804Z,68
"male",Mr,Nathan,Sirko,1978-11-17T11:37:21.617Z,44
"female",Mrs,Mia,Campbell,1982-10-31T20:50:39.158Z,40
"male",Mr,Theo,Lavoie,2000-09-14T01:46:01.958Z,22
"female",Miss,Jeanne,Campbell,1971-07-19T06:50:44.874Z,51
"female",Miss,Leanne,Jean-Baptiste,1995-03-20T03:58:36.578Z,27
"male",Mr,Zackary,Bélanger,1993-09-21T04:30:49.152Z,29
"female",Ms,Maeva,Lam,1952-08-14T21:48:03.315Z,70
"female",Miss,Megan,Chu,1998-01-16T08:48:04.609Z,24
"female",Mrs,Avery,Thompson,1947-09-10T22:32:44.259Z,75
"female",Ms,Laurie,French,1994-08-01T07:52:58.210Z,28
"male",Mr,Aiden,Abraham,1947-03-26T07:50:11.731Z,75
"female",Mrs,Clara,Sirko,1977-12-27T10:32:49.646Z,44
"male",Mr,Antoine,Chow,1986-08-09T17:58:10.292Z,36
"male",Mr,Arthur,Bélanger,1963-03-22T04:47:27.590Z,59
"male",Mr,Matthew,Ambrose,1967-02-09T23:12:05.180Z,55
"female",Mrs,Laurie,Kowalski,1989-01-06T08:24:22.522Z,33
"male",Mr,Etienne,Lévesque,1973-08-15T12:07:42.271Z,49
"female",Miss,Sophia,Wong,1958-10-31T20:52:39.321Z,64
"male",Mr,Felix,Ross,1964-01-07T05:27:21.148Z,58
"female",Ms,Maya,Park,1945-03-02T04:04:42.820Z,77
"female",Ms,Aubree,Tremblay,1999-09-29T10:15:24.685Z,23
"male",Mr,Tristan,Patel,1951-07-10T23:14:29.121Z,71
"female",Miss,Lily,Novak,1991-07-19T04:03:13.314Z,31
"female",Mrs,Camille,Ouellet,1965-08-23T19:38:59.441Z,57
"male",Mr,Xavier,Liu,1967-03-05T01:34:17.993Z,55
"female",Miss,Sarah,Johnson,1945-02-02T04:18:17.516Z,77
"female",Miss,Sofia,Lévesque,1965-03-25T01:11:46.564Z,57
"female",Miss,Camille,Novak,1958-08-04T04:04:23.300Z,64
"male",Mr,Blake,Anderson,1994-12-07T04:29:59.277Z,27
"male",Mr,Felix,Brar,1951-08-07T05:14:44.358Z,71
"male",Mr,Hudson,Brar,1950-03-07T03:23:02.773Z,72
"male",Mr,Felix,Gill,1970-04-20T11:35:59.052Z,52
"female",Miss,Marianne,Gagnon,1968-03-18T15:47:20.148Z,54
"female",Ms,Rose,Claire,1999-03-01T07:19:00.085Z,23
"male",Mr,Anthony,Claire,1975-02-22T09:48:52.521Z,47
"female",Mrs,Aubree,Park,1995-10-22T03:06:42.147Z,27
"female",Ms,Amelia,Wilson,1970-05-20T20:29:13.671Z,52
"male",Mr,Jayden,Wilson,1946-01-12T11:00:05.473Z,76
"male",Mr,Ryan,Lo,1979-02-06T04:23:21.942Z,43
"female",Ms,Emily,Walker,1962-07-06T16:14:01.229Z,60
"male",Mr,Zachary,Wong,1963-06-23T05:23:42.500Z,59
"male",Mr,Logan,Sirko,1951-05-09T13:12:30.761Z,71
"male",Mr,Ryan,Slawa,1994-04-18T11:23:03.917Z,28
"male",Mr,Simon,Williams,1977-03-06T17:52:48.832Z,45
"male",Mr,Carter,Grewal,1979-12-06T12:25:05.723Z,42
"male",Mr,Dominic,Côté,1978-08-22T07:16:48.964Z,44
"female",Mrs,Mia,Jones,1947-07-16T15:16:20.905Z,75
"female",Miss,Noémie,Lévesque,1991-12-07T11:29:56.345Z,30
"female",Ms,Ella,Harcourt,1966-09-19T07:38:03.778Z,56
"female",Miss,Gabrielle,French,1996-02-02T19:15:57.015Z,26
"male",Mr,David,Roy,1947-11-06T14:16:11.324Z,75
"female",Ms,Laurie,Lo,1986-12-12T11:28:04.175Z,35
"male",Mr,Benjamin,Clark,1993-11-20T20:10:56.547Z,29
"female",Ms,Florence,Brown,1988-10-05T20:59:14.521Z,34
"female",Mrs,Addison,Ambrose,1951-04-05T12:52:08.815Z,71
"male",Mr,Aiden,Mackay,1983-02-23T12:43:40.198Z,39
"male",Mr,Ryan,Singh,1975-11-04T07:53:01.164Z,47
"female",Ms,Aubrey,Lavigne,1958-08-10T23:00:56.029Z,64
"male",Mr,Xavier,Margaret,1971-02-27T09:31:02.388Z,51
"male",Mr,Ryder,Lavoie,1956-03-06T11:48:52.592Z,66
"male",Mr,Ryder,Mackay,1951-04-08T01:03:45.447Z,71
"female",Mrs,Victoria,Jean-Baptiste,1971-09-11T18:21:22.578Z,51
"female",Mrs,Abigail,Macdonald,1956-06-01T05:03:18.446Z,66
"female",Miss,Juliette,Brown,1974-12-13T03:54:42.102Z,47
"male",Mr,Ryan,Wilson,1946-04-28T16:19:01.593Z,76
"male",Mr,Ryder,Ambrose,1958-11-19T19:44:33.854Z,64
"female",Miss,Sarah,Chow,1946-06-17T13:17:43.612Z,76
"male",Mr,Ryder,Chan,1968-09-08T21:21:17.603Z,54
"male",Mr,Carter,Singh,1955-07-31T15:49:11.024Z,67
"male",Mr,Logan,Grewal,1984-08-17T03:09:59.581Z,38
"female",Ms,Marilou,Park,1953-05-10T18:40:42.568Z,69
"male",Mr,Ryan,Clark,1974-07-21T11:55:34.090Z,48
"male",Mr,Philippe,Gagnon,1971-11-06T19:02:37.499Z,51
"female",Ms,Alexis,Margaret,1971-07-02T09:17:11.660Z,51
"female",Ms,Maya,Brown,1960-12-10T00:11:15.113Z,61
"female",Miss,Mia,Williams,1989-09-04T15:42:58.037Z,33
"male",Mr,Tristan,Walker,1952-03-30T05:04:49.142Z,70
"female",Mrs,Victoria,Johnson,1971-03-09T12:03:36.396Z,51
"male",Mr,Jayden,Chu,1978-10-24T16:59:09.991Z,44
"female",Mrs,Lily,Ross,1959-06-26T20:43:27.726Z,63
"female",Ms,Jade,Ouellet,1986-09-18T07:39:04.209Z,36
"male",Mr,Vincent,Côté,1960-03-08T15:43:24.832Z,62
"female",Mrs,Emma,Wilson,1998-07-25T09:54:20.027Z,24
"male",Mr,Lucas,Andersen,1954-11-11T05:15:44.435Z,68
"female",Ms,Alexis,Roy,1976-02-22T15:54:41.061Z,46
"female",Mrs,Harper,Macdonald,1952-10-21T12:20:34.603Z,70
"male",Mr,Blake,Novak,1973-01-27T18:54:22.996Z,49
"male",Mr,Adam,Lo,1950-02-15T20:53:49.144Z,72
"male",Mr,Zachary,Ambrose,1954-11-15T10:35:47.464Z,68
"female",Miss,Marilou,Gauthier,1956-12-27T06:58:51.451Z,65
"male",Mr,Maxime,Lavoie,1985-08-27T18:33:40.663Z,37
"female",Mrs,Jeanne,Margaret,1986-09-27T11:47:25.257Z,36
"female",Ms,Alice,Patel,1980-05-30T07:55:06.457Z,42
"female",Miss,Gabrielle,Williams,1965-06-16T12:57:09.263Z,57
"male",Mr,Simon,Harris,1965-03-10T03:15:12.846Z,57
"female",Ms,Melodie,Lo,1979-11-11T03:38:00.166Z,43
"female",Mrs,Jeanne,Claire,1967-03-03T16:12:57.439Z,55
"male",Mr,James,Abraham,1984-05-16T04:26:08.722Z,38
"male",Mr,Jack,Lo,1953-08-08T06:39:45.461Z,69
"female",Miss,Florence,Morin,1969-06-25T20:21:34.927Z,53
"female",Mrs,Sarah,Harris,1970-08-11T01:43:22.803Z,52
"male",Mr,Elliot,Bélanger,1984-06-26T21:32:06.653Z,38
"male",Mr,Mathis,White,1954-05-16T02:10:42.056Z,68
"male",Mr,Etienne,Ambrose,1959-09-14T16:48:33.262Z,63
"male",Mr,James,Singh,1981-04-03T09:52:03.348Z,41
"female",Miss,Aubree,Miller,1986-09-17T16:43:22.397Z,36
"male",Mr,Charles,Macdonald,1958-10-22T14:20:40.968Z,64
"male",Mr,Nicolas,Kowalski,1984-05-08T08:16:32.777Z,38
"male",Mr,Arthur,Harris,1948-09-05T12:33:36.132Z,74
"male",Mr,Logan,Mitchell,1955-03-16T09:09:30.469Z,67
"male",Mr,David,Taylor,1962-07-28T07:38:05.230Z,60
"female",Mrs,Ariane,Bergeron,1947-05-03T17:49:49.059Z,75
"female",Ms,Victoria,Lavoie,1957-10-08T13:31:01.346Z,65
"male",Mr,Aiden,Ouellet,1950-12-20T15:25:22.546Z,71
"female",Miss,Marilou,Roy,1997-02-11T13:24:54.504Z,25
"female",Miss,Leanne,Lavigne,1975-07-09T11:38:15.810Z,47
"female",Mrs,Lily,Lo,1998-02-20T07:43:06.714Z,24
"male",Mr,Ryan,Tremblay,1965-10-13T20:59:24.272Z,57
"male",Mr,Felix,Fortin,2000-06-27T20:00:58.003Z,22
"male",Mr,Anthony,Kowalski,1976-12-12T18:17:12.089Z,45
"male",Mr,Zackary,Bélanger,1989-05-21T03:23:46.789Z,33
"female",Miss,Chloe,Campbell,1977-02-23T11:23:33.284Z,45
"male",Mr,Leo,Ambrose,1949-05-17T23:53:39.927Z,73
"female",Miss,Alicia,French,1955-10-12T20:12:09.554Z,67
"female",Ms,Aubree,Singh,1956-06-11T15:20:49.856Z,66
"female",Ms,Harper,Ennis,1980-04-20T17:35:31.405Z,42
"female",Miss,Noémie,Walker,1999-02-21T18:20:12.720Z,23
"male",Mr,Jayden,Ginnish,1952-03-02T01:08:09.859Z,70
"female",Ms,Camille,Gagnon,1970-02-23T10:42:21.418Z,52
"male",Mr,Lucas,French,1959-05-25T15:45:44.004Z,63
"male",Mr,Samuel,Ouellet,1968-08-16T08:10:19.705Z,54
"female",Miss,Marilou,Tremblay,1977-07-14T23:22:09.311Z,45
"female",Mrs,Justine,Addy,1984-10-30T08:54:43.019Z,38
"female",Ms,Brielle,Ma,1982-11-18T16:20:14.316Z,40
"male",Mr,Liam,Clark,1955-10-08T08:06:47.574Z,67
"female",Ms,Aubrey,Sirko,1955-04-07T19:21:54.784Z,67
"male",Mr,Liam,Pelletier,1994-10-03T14:49:11.620Z,28
"female",Miss,Ella,Grewal,1991-06-04T14:17:34.157Z,31
"female",Ms,Jasmine,Côté,1969-12-26T14:23:34.265Z,52
"male",Mr,Nicolas,Margaret,1993-08-20T14:53:08.898Z,29
"male",Mr,Thomas,Andersen,1969-07-22T00:58:36.014Z,53
"female",Mrs,Hailey,Fortin,1977-09-25T19:00:26.151Z,45
